parent_pn,child_pn,child_name,quantity,unit,item_type,revision,status,ownership_note
PN-eWTW-5310-0001,PN-eWTW-5310-0001-01,Outer RF-transparent laminate skin,1,EA,material_layer,A,draft,Owned
PN-eWTW-5310-0001,PN-eWTW-5310-0001-02,Dielectric core A-sandwich,1,EA,material_core,A,draft,Owned
PN-eWTW-5310-0001,PN-eWTW-5310-0001-03,Inner RF-transparent laminate skin,1,EA,material_layer,A,draft,Owned
PN-eWTW-5310-0001,PN-eWTW-5310-0001-04,Rain erosion boot or coating,1,EA,protective_layer,A,draft,Owned
PN-eWTW-5310-0001,PN-eWTW-5310-0001-05,Attachment hinge and latch fittings,1,SET,hardware_set,A,draft,Owned
PN-eWTW-5310-0001,PN-eWTW-5310-0001-06,Moisture seal and drainage provisions,1,SET,sealing_set,A,draft,Owned
PN-eWTW-5310-0001,PN-eWTW-5310-0001-07,Bonding and ground provisions,1,SET,interface_provision,A,draft,Provision only; LPS-owned function
PN-eWTW-5310-0001,REF-eWTW-LPS-DIVERTER,Lightning diverter strips,REF,REF,external_system_item,A,reference,LPS-owned; not radome-owned (PBS-40-40)
PN-eWTW-5310-0001,REF-eWTW-WXR-ANTENNA,Weather radar antenna,REF,REF,external_system_item,A,reference,WXR-owned; not radome-owned (PBS-50-30/40)
